{
	"info": {
		"_postman_id": "d4c227bc-4ee1-4adb-803a-abe50b1b236b",
		"name": "apiRESTCheckUsuarioTADS",
		"schema": "https://schema.getpostman.com/json/collection/v2.1.0/collection.json",
		"_exporter_id": "48033507"
	},
	"item": [
		{
			"name": "Generales",
			"item": [
				{
					"name": "postSpinUsuario",
					"request": {
						"method": "POST",
						"header": [],
						"body": {
							"mode": "raw",
							"raw": "{\r\n  \"nombre\": \"Juan\",\r\n  \"apellidoPaterno\": \"Pérez\",\r\n  \"apellidoMaterno\": \"Ramírez\",\r\n  \"usuario\": \"jperez\",\r\n  \"contrasena\": \"12345\",\r\n  \"ruta\": \"/imagenes/usuarios/jperez.png\",\r\n  \"tipo\": 1\r\n}\r\n",
							"options": {
								"raw": {
									"language": "json"
								}
							}
						},
						"url": {
							"raw": "https://localhost:44393/tads/usuario/spinsusuario",
							"protocol": "https",
							"host": [
								"localhost"
							],
							"port": "44393",
							"path": [
								"tads",
								"usuario",
								"spinsusuario"
							]
						}
					},
					"response": []
				},
				{
					"name": "postSpValidarAcceso",
					"request": {
						"method": "POST",
						"header": [],
						"body": {
							"mode": "raw",
							"raw": "{\r\n  \"usuario\": \"jperez\",\r\n  \"contrasena\": \"12345\"\r\n}\r\n",
							"options": {
								"raw": {
									"language": "json"
								}
							}
						},
						"url": {
							"raw": "https://localhost:44393/tads/usuario/spvalidaracceso",
							"protocol": "https",
							"host": [
								"localhost"
							],
							"port": "44393",
							"path": [
								"tads",
								"usuario",
								"spvalidaracceso"
							]
						}
					},
					"response": []
				},
				{
					"name": "getVwRptUsuario",
					"protocolProfileBehavior": {
						"disableBodyPruning": true
					},
					"request": {
						"method": "GET",
						"header": [],
						"body": {
							"mode": "raw",
							"raw": "{\r\n  \"usuario\": \"pruiz\",\r\n  \"contrasena\": \"itp2025\"\r\n}",
							"options": {
								"raw": {
									"language": "json"
								}
							}
						},
						"url": {
							"raw": "https://localhost:44393/tads/usuario/vwtipousuario",
							"protocol": "https",
							"host": [
								"localhost"
							],
							"port": "44393",
							"path": [
								"tads",
								"usuario",
								"vwtipousuario"
							]
						}
					},
					"response": []
				},
				{
					"name": "spupdusuario",
					"request": {
						"method": "PUT",
						"header": [],
						"body": {
							"mode": "raw",
							"raw": "{\r\n  \"cve\": \"U001\",\r\n  \"nombre\": \"Juan Carlos\",\r\n  \"apellidoPaterno\": \"Pérez\",\r\n  \"apellidoMaterno\": \"Ramírez\",\r\n  \"usuario\": \"jperez\",\r\n  \"contrasena\": \"nueva123\",\r\n  \"ruta\": \"/imagenes/usuarios/jperez_actualizado.png\",\r\n  \"tipo\": 2\r\n}\r\n",
							"options": {
								"raw": {
									"language": "json"
								}
							}
						},
						"url": {
							"raw": "https://localhost:44393/tads/usuario/spupdusuario",
							"protocol": "https",
							"host": [
								"localhost"
							],
							"port": "44393",
							"path": [
								"tads",
								"usuario",
								"spupdusuario"
							]
						}
					},
					"response": []
				},
				{
					"name": "spdelusuario",
					"request": {
						"method": "DELETE",
						"header": [],
						"url": {
							"raw": "https://localhost:44393/tads/usuario/spdelusuario/U001",
							"protocol": "https",
							"host": [
								"localhost"
							],
							"port": "44393",
							"path": [
								"tads",
								"usuario",
								"spdelusuario",
								"U001"
							]
						}
					},
					"response": []
				},
				{
					"name": "vwrptusuariofiltro",
					"request": {
						"method": "GET",
						"header": [],
						"url": {
							"raw": "https://localhost:44393/tads/usuario/vwrptusuariofiltro?filtro=Juan",
							"protocol": "https",
							"host": [
								"localhost"
							],
							"port": "44393",
							"path": [
								"tads",
								"usuario",
								"vwrptusuariofiltro"
							],
							"query": [
								{
									"key": "filtro",
									"value": "Juan"
								}
							]
						}
					},
					"response": []
				}
			]
		}
	]
}